City_ID,City,Lat,Lng,Max Temp,Humidity,Cloudiness,Wind Speed,Country,Date
0,Butaritari,3.0707,172.7902,81.55,70,18,8.3,KI,2021-10-18 21:24:56
1,Atuona,-9.8,-139.0333,77.58,78,29,19.69,PF,2021-10-18 21:24:56
2,Caravelas,-17.7125,-39.2481,76.03,84,20,7.67,BR,2021-10-18 21:24:57
3,Vaini,-21.2,-175.2,78.96,78,75,11.5,TO,2021-10-18 21:24:57
4,Malakal,9.5334,31.6605,77.88,62,50,4.29,SS,2021-10-18 21:24:57
5,Qaanaaq,77.484,-69.3632,26.56,69,100,11.45,GL,2021-10-18 21:24:58
6,Sioux Lookout,50.1001,-91.917,70.18,40,75,10.36,CA,2021-10-18 21:24:58
7,Saldanha,-33.0117,17.9442,55.45,77,1,15.93,ZA,2021-10-18 21:24:59
8,Rikitea,-23.1203,-134.9692,75.42,75,12,19.53,PF,2021-10-18 21:25:00
9,New Norfolk,-42.7826,147.0587,49.66,72,86,1.99,AU,2021-10-18 21:25:00
10,Muli,2.9167,73.5667,81.61,75,99,14.92,MV,2021-10-18 21:25:01
11,Cherskiy,68.75,161.3,-5.49,100,27,9.37,RU,2021-10-18 21:25:03
12,Chuy,-33.6971,-53.4616,59.34,83,35,8.32,UY,2021-10-18 21:25:04
13,Touros,-5.1989,-35.4608,79.7,76,72,13.73,BR,2021-10-18 21:25:05
14,Port Alfred,-33.5906,26.891,56.55,68,7,5.93,ZA,2021-10-18 21:25:05
15,Klaksvik,62.2266,-6.589,52.72,98,100,32.91,FO,2021-10-18 21:25:06
16,Saint-Philippe,-21.3585,55.7679,71.15,79,42,13.13,RE,2021-10-18 21:25:07
17,Saskylakh,71.9167,114.0833,22.69,98,100,1.79,RU,2021-10-18 21:25:08
18,Dunedin,-45.8742,170.5036,44.37,92,98,10.0,NZ,2021-10-18 21:25:09
19,Magnitogorsk,53.4186,59.0472,45.43,49,100,11.18,RU,2021-10-18 21:25:10
20,Carnarvon,-24.8667,113.6333,68.07,88,90,26.46,AU,2021-10-18 21:25:11
21,Trairi,-3.2778,-39.2689,79.99,79,44,12.68,BR,2021-10-18 21:22:56
22,Tasiilaq,65.6145,-37.6368,33.96,47,100,4.36,GL,2021-10-18 21:25:11
23,Simao,22.7886,100.9748,59.23,98,50,2.24,CN,2021-10-18 21:25:12
24,Athabasca,54.7169,-113.2854,40.82,50,98,6.22,CA,2021-10-18 21:22:57
25,Nome,64.5011,-165.4064,26.67,64,90,10.36,US,2021-10-18 21:23:33
26,Mataura,-46.1927,168.8643,42.82,98,100,7.18,NZ,2021-10-18 21:25:12
27,Kampot,10.6167,104.1833,76.53,88,100,3.38,KH,2021-10-18 21:25:13
28,Faanui,-16.4833,-151.75,80.06,78,99,16.04,PF,2021-10-18 21:25:13
29,Punta Arenas,-53.15,-70.9167,51.91,50,40,27.63,CL,2021-10-18 21:25:14
30,Mitu,1.1983,-70.1733,82.15,70,95,2.21,CO,2021-10-18 21:25:14
31,Basti,26.8,82.7167,75.0,90,96,12.59,IN,2021-10-18 21:25:15
32,Albany,42.6001,-73.9662,51.17,74,68,1.01,US,2021-10-18 21:20:59
33,Jiamusi,46.8333,130.35,23.79,55,0,4.68,CN,2021-10-18 21:25:15
34,Acajutla,13.5928,-89.8275,97.14,73,87,6.2,SV,2021-10-18 21:25:16
35,Hobart,-42.8794,147.3294,50.02,83,75,1.99,AU,2021-10-18 21:23:21
36,Katsuura,35.1333,140.3,57.31,86,100,13.8,JP,2021-10-18 21:25:17
37,Dovers,12.8833,-61.1833,81.99,72,61,7.29,VC,2021-10-18 21:25:17
38,Busselton,-33.65,115.3333,57.04,94,100,18.1,AU,2021-10-18 21:25:18
39,Ahuimanu,21.4447,-157.8378,83.91,58,20,13.8,US,2021-10-18 21:25:19
40,Korla,41.7597,86.1469,52.12,29,80,7.07,CN,2021-10-18 21:25:19
41,Otane,-39.8833,176.6333,64.02,50,0,6.24,NZ,2021-10-18 21:25:19
42,East London,-33.0153,27.9116,57.15,73,35,4.88,ZA,2021-10-18 21:25:20
43,Upernavik,72.7868,-56.1549,27.18,47,100,7.29,GL,2021-10-18 21:25:20
44,Tilichiki,60.4667,166.1,18.59,81,100,15.28,RU,2021-10-18 21:25:21
45,Belaya Gora,68.5333,146.4167,-4.54,98,75,3.38,RU,2021-10-18 21:25:21
46,Muncar,-8.4333,114.3333,76.12,88,100,2.55,ID,2021-10-18 21:25:22
47,Cape Town,-33.9258,18.4232,60.12,58,0,5.01,ZA,2021-10-18 21:23:19
48,Souillac,-20.5167,57.5167,74.35,78,75,12.66,MU,2021-10-18 21:25:22
49,Kopanskaya,46.2779,38.4795,51.48,68,21,9.75,RU,2021-10-18 21:25:23
50,Kodiak,57.79,-152.4072,45.91,76,90,23.02,US,2021-10-18 21:25:23
51,Atikokan,48.7555,-91.6216,66.74,41,0,7.49,CA,2021-10-18 21:25:24
52,Kiama,-34.6833,150.8667,64.0,77,100,14.05,AU,2021-10-18 21:24:23
53,Bella Vista,36.4295,-94.2316,74.98,40,1,1.99,US,2021-10-18 21:25:24
54,Lavrentiya,65.5833,-171.0,26.24,70,100,11.14,RU,2021-10-18 21:25:25
55,Luderitz,-26.6481,15.1594,72.19,25,87,16.04,NA,2021-10-18 21:25:25
56,Adiake,5.2863,-3.304,81.99,89,100,6.4,CI,2021-10-18 21:25:26
57,Launceston,-41.45,147.1667,50.81,78,90,11.01,AU,2021-10-18 21:25:26
58,Houma,29.5958,-90.7195,75.99,62,40,8.05,US,2021-10-18 21:25:27
59,Mareeba,-17.0,145.4333,78.31,92,2,0.65,AU,2021-10-18 21:25:27
60,Te Anau,-45.4167,167.7167,51.1,81,99,5.14,NZ,2021-10-18 21:25:28
61,Avarua,-21.2078,-159.775,77.05,73,75,6.91,CK,2021-10-18 21:25:29
62,Makakilo City,21.3469,-158.0858,82.72,53,20,13.8,US,2021-10-18 21:25:30
63,Nikolskoye,59.7035,30.7861,39.09,92,35,6.73,RU,2021-10-18 21:25:30
64,Arraial Do Cabo,-22.9661,-42.0278,69.76,94,90,8.05,BR,2021-10-18 21:25:31
65,Galle,6.0367,80.217,79.97,83,95,12.97,LK,2021-10-18 21:25:31
66,Dikson,73.5069,80.5464,30.63,99,100,14.29,RU,2021-10-18 21:25:31
67,Barrow,71.2906,-156.7887,12.22,85,90,6.91,US,2021-10-18 21:22:21
68,Karratha,-20.7377,116.8463,73.56,77,40,8.19,AU,2021-10-18 21:25:32
69,Cidreira,-30.1811,-50.2056,62.71,70,66,7.85,BR,2021-10-18 21:25:32
70,Castro,-24.7911,-50.0119,56.26,97,100,4.59,BR,2021-10-18 21:25:33
71,Casper,42.8666,-106.3131,69.73,26,1,8.01,US,2021-10-18 21:25:33
72,Tuktoyaktuk,69.4541,-133.0374,19.4,93,75,6.91,CA,2021-10-18 21:25:34
73,Skibbereen,51.55,-9.2667,58.8,97,100,7.54,IE,2021-10-18 21:25:34
74,Marrakesh,31.6315,-8.0083,75.27,33,0,4.61,MA,2021-10-18 21:24:37
75,Leningradskiy,69.3833,178.4167,5.81,92,100,3.58,RU,2021-10-18 21:25:35
76,Ahipara,-35.1667,173.1667,63.1,70,51,3.89,NZ,2021-10-18 21:25:36
77,Saint George,37.1041,-113.5841,68.47,26,90,13.0,US,2021-10-18 21:25:36
78,Mattru,7.6244,-11.8332,74.25,97,37,2.59,SL,2021-10-18 21:25:37
79,Bondo,3.8146,23.6866,70.3,97,99,2.13,CD,2021-10-18 21:25:37
80,Alofi,-19.0595,-169.9187,73.29,94,90,16.11,NU,2021-10-18 21:25:38
81,Antofagasta,-23.65,-70.4,60.08,68,30,8.1,CL,2021-10-18 21:23:20
82,Saint-Pierre,-21.3393,55.4781,71.24,73,0,5.75,RE,2021-10-18 21:25:39
83,Ribeira Grande,38.5167,-28.7,69.15,72,16,17.54,PT,2021-10-18 21:25:39
84,Mar Del Plata,-38.0023,-57.5575,57.22,48,0,8.01,AR,2021-10-18 21:21:11
85,Bethel,41.3712,-73.414,55.22,82,75,8.05,US,2021-10-18 21:25:40
86,Hermanus,-34.4187,19.2345,49.8,71,0,10.54,ZA,2021-10-18 21:25:40
87,Lufilufi,-13.8745,-171.5986,85.78,78,55,15.95,WS,2021-10-18 21:25:41
88,Khatanga,71.9667,102.5,31.01,98,100,7.9,RU,2021-10-18 21:25:41
89,Tucuma,-0.1833,-50.05,84.27,67,54,10.31,BR,2021-10-18 21:25:42
90,Koshki,54.2091,50.4677,47.34,67,100,7.36,RU,2021-10-18 21:25:42
91,Shelburne,44.0787,-80.2041,52.56,63,32,12.12,CA,2021-10-18 21:25:42
92,Yenangyaung,20.4667,94.8833,75.16,93,100,4.12,MM,2021-10-18 21:25:43
93,Margate,51.3813,1.3862,61.03,92,100,3.0,GB,2021-10-18 21:25:08
94,Grand Gaube,-20.0064,57.6608,74.37,77,41,5.99,MU,2021-10-18 21:25:43
95,Yellowknife,62.456,-114.3525,33.42,84,75,10.36,CA,2021-10-18 21:21:02
96,La Ronge,55.1001,-105.2842,41.25,65,90,12.66,CA,2021-10-18 21:25:44
97,Pemangkat,1.1667,108.9667,79.9,80,96,4.79,ID,2021-10-18 21:25:44
98,Bubaque,11.2833,-15.8333,83.48,72,32,10.18,GW,2021-10-18 21:25:45
99,Jamestown,42.097,-79.2353,55.33,59,20,8.01,US,2021-10-18 21:25:45
100,Baie-Comeau,49.2168,-68.1489,50.09,76,90,6.91,CA,2021-10-18 21:25:46
101,Melilla,35.2937,-2.9383,66.58,88,0,2.3,ES,2021-10-18 21:23:43
102,Lebu,-37.6167,-73.65,55.45,76,0,18.72,CL,2021-10-18 21:25:47
103,Annau,37.8876,58.516,62.1,22,75,6.91,TM,2021-10-18 21:25:47
104,Emerald,-23.5333,148.1667,71.74,68,90,5.75,AU,2021-10-18 21:25:47
105,Huarmey,-10.0681,-78.1522,67.91,77,92,10.27,PE,2021-10-18 21:25:48
106,Bayan,46.0833,127.4,26.44,60,0,4.63,CN,2021-10-18 21:25:48
107,Teya,60.3778,92.6267,35.29,95,100,3.83,RU,2021-10-18 21:25:49
108,Polyarnyy,69.1989,33.4478,32.47,67,100,26.04,RU,2021-10-18 21:25:49
109,Ilulissat,69.2167,-51.1,28.42,29,7,25.32,GL,2021-10-18 21:25:50
110,Arusha,-3.3667,36.6833,65.03,81,80,9.28,TZ,2021-10-18 21:25:50
111,Bambous Virieux,-20.3428,57.7575,74.21,78,75,12.66,MU,2021-10-18 21:25:51
112,Nanortalik,60.1432,-45.2371,31.95,67,80,15.59,GL,2021-10-18 21:25:51
113,Kungurtug,50.5994,97.5228,22.19,85,8,1.95,RU,2021-10-18 21:25:52
114,Saint-Georges,12.0564,-61.7485,80.28,94,20,8.05,GD,2021-10-18 21:25:52
115,Ugoofaaru,5.6667,73.0,82.35,73,100,16.78,MV,2021-10-18 21:25:53
116,Bredasdorp,-34.5322,20.0403,49.28,76,0,4.12,ZA,2021-10-18 21:25:53
117,Ponta Delgada,37.7333,-25.6667,70.52,78,20,11.5,PT,2021-10-18 21:25:53
118,Thompson,55.7435,-97.8558,51.96,62,40,12.66,CA,2021-10-18 21:25:54
119,Lata,40.1629,-8.3327,67.82,82,100,1.63,PT,2021-10-18 21:25:54
120,Shenjiamen,29.9576,122.298,64.45,80,100,13.33,CN,2021-10-18 21:25:55
121,Cangucu,-31.395,-52.6756,65.25,74,2,5.01,BR,2021-10-18 21:25:56
122,Rocha,-34.4833,-54.3333,57.15,79,14,7.58,UY,2021-10-18 21:23:27
123,Mporokoso,-9.3727,30.125,66.51,80,91,3.4,ZM,2021-10-18 21:25:56
124,Jasper,37.2001,-94.3502,74.44,39,1,1.01,US,2021-10-18 21:22:44
125,Port Elizabeth,-33.918,25.5701,53.89,87,40,2.3,ZA,2021-10-18 21:25:57
126,Neath,51.6632,-3.8044,61.65,95,100,7.09,GB,2021-10-18 21:25:57
127,Provideniya,64.3833,-173.3,30.31,69,90,15.66,RU,2021-10-18 21:25:58
128,Adet,11.2644,37.4888,55.0,67,0,2.91,ET,2021-10-18 21:25:58
129,Kruisfontein,-34.0033,24.7314,47.88,68,0,5.75,ZA,2021-10-18 21:25:59
130,Tiksi,71.6872,128.8694,17.11,88,100,11.61,RU,2021-10-18 21:25:59
131,Gushikawa,26.3544,127.8686,74.43,88,1,3.44,JP,2021-10-18 21:26:00
132,Pevek,69.7008,170.3133,10.62,81,100,3.89,RU,2021-10-18 21:26:01
133,Bengkulu,-3.8004,102.2655,73.26,95,100,3.65,ID,2021-10-18 21:26:01
134,Jaru,-10.4389,-62.4664,79.16,74,93,6.29,BR,2021-10-18 21:26:02
135,Sitka,57.0531,-135.33,49.89,46,75,20.71,US,2021-10-18 21:26:03
136,Marquette,46.5333,-87.6335,67.77,57,0,5.99,US,2021-10-18 21:26:03
137,Kotido,2.9806,34.1331,79.38,45,96,5.03,UG,2021-10-18 21:26:04
138,Carauari,-4.8828,-66.8958,77.97,92,95,1.03,BR,2021-10-18 21:26:04
139,Shingu,33.7333,135.9833,60.26,93,100,8.25,JP,2021-10-18 21:26:04
140,Varzob,38.7737,68.8178,46.13,33,0,4.14,TJ,2021-10-18 21:26:05
141,Kentau,43.5206,68.5094,53.8,31,0,7.96,KZ,2021-10-18 21:26:05
142,Le Port,-20.9373,55.2919,71.56,91,4,8.23,RE,2021-10-18 21:26:06
143,San Cristobal,7.7669,-72.225,80.78,55,69,5.35,VE,2021-10-18 21:26:06
144,Ushuaia,-54.8,-68.3,46.06,61,40,28.77,AR,2021-10-18 21:22:19
145,Puerto Ayora,-0.7393,-90.3518,78.76,80,78,10.67,EC,2021-10-18 21:26:07
146,Vardo,70.3705,31.1107,29.95,61,99,27.07,NO,2021-10-18 21:26:08
147,Bluff,-46.6,168.3333,47.95,58,100,22.79,NZ,2021-10-18 21:26:08
148,Geraldton,-28.7667,114.6,63.01,94,75,17.27,AU,2021-10-18 21:26:09
149,Rafai,4.95,23.9167,69.66,98,100,2.26,CF,2021-10-18 21:26:09
150,Maura,60.25,11.0167,35.47,88,0,0.0,NO,2021-10-18 21:26:10
151,Nobres,-14.7203,-56.3275,75.56,87,100,5.28,BR,2021-10-18 21:26:10
152,Ola,59.5833,151.2833,12.52,54,0,9.1,RU,2021-10-18 21:26:11
153,Baherden,38.4362,57.4316,63.3,52,94,5.91,TM,2021-10-18 21:26:11
154,Warri,5.5167,5.75,75.51,92,89,3.02,NG,2021-10-18 21:26:12
155,Havre-Saint-Pierre,50.2334,-63.5986,50.59,100,90,12.66,CA,2021-10-18 21:26:12
156,Port Lincoln,-34.7333,135.8667,57.56,79,0,18.37,AU,2021-10-18 21:26:13
157,Otaru,43.1894,141.0022,45.03,76,70,3.96,JP,2021-10-18 21:26:14
158,Quzhou,28.9594,118.8686,57.52,90,100,1.01,CN,2021-10-18 21:26:14
159,Mbamba,9.9833,13.1,74.8,82,100,2.46,NG,2021-10-18 21:26:14
160,Winston-Salem,36.0999,-80.2442,72.46,39,1,8.05,US,2021-10-18 21:25:42
161,Narsaq,60.9167,-46.05,34.02,40,65,3.0,GL,2021-10-18 21:22:27
162,Kavaratti,10.5669,72.642,81.5,74,100,7.52,IN,2021-10-18 21:26:15
163,Kaeo,-35.1,173.7833,67.32,76,36,0.98,NZ,2021-10-18 21:26:16
164,Qaqortoq,60.7167,-46.0333,34.3,37,67,6.82,GL,2021-10-18 21:26:16
165,Umm Lajj,25.0213,37.2685,81.46,55,0,13.62,SA,2021-10-18 21:26:17
166,San Patricio,28.017,-97.5169,82.81,48,8,12.26,US,2021-10-18 21:26:17
167,Mocajuba,-2.5842,-49.5072,85.62,56,75,4.09,BR,2021-10-18 21:26:18
168,Oussouye,12.485,-16.5469,84.38,77,98,5.91,SN,2021-10-18 21:26:18
169,San Rafael Del Sur,11.8485,-86.4384,79.77,78,64,4.21,NI,2021-10-18 21:26:19
170,Ponta Do Sol,32.6667,-17.1,76.01,27,100,2.1,PT,2021-10-18 21:26:19
171,Kapaa,22.0752,-159.319,82.38,73,40,5.01,US,2021-10-18 21:26:20
172,Anadyr,64.75,177.4833,32.5,100,90,32.99,RU,2021-10-18 21:26:20
173,Ozernovskiy,51.5,156.5167,38.48,64,100,23.71,RU,2021-10-18 21:26:21
174,Diofior,14.1833,-16.6667,85.95,72,97,8.48,SN,2021-10-18 21:26:21
175,Vangaindrano,-23.35,47.6,69.01,87,0,5.7,MG,2021-10-18 21:26:22
176,Berlevag,70.8578,29.0864,35.55,69,40,23.02,NO,2021-10-18 21:26:22
177,Urumqi,43.801,87.6005,41.95,53,0,6.71,CN,2021-10-18 21:26:23
178,Gao,16.6362,1.637,85.08,35,98,9.95,ML,2021-10-18 21:26:23
179,Georgetown,5.4112,100.3354,81.95,85,40,8.05,MY,2021-10-18 21:26:24
180,Hithadhoo,-0.6,73.0833,81.75,73,95,7.72,MV,2021-10-18 21:26:24
181,Val-David,46.0334,-74.2159,49.59,73,73,10.22,CA,2021-10-18 21:26:24
182,Calama,-22.4667,-68.9333,72.09,9,0,20.71,CL,2021-10-18 21:26:25
183,Maneadero,31.7167,-116.5667,71.19,73,58,4.0,MX,2021-10-18 21:26:25
184,Kokkola,63.8385,23.1307,38.93,74,20,6.91,FI,2021-10-18 21:26:26
185,Cayenne,4.9333,-52.3333,82.44,83,75,1.99,GF,2021-10-18 21:26:26
186,Arawa,-6.2132,155.5367,81.59,77,55,1.9,PG,2021-10-18 21:26:27
187,Norman Wells,65.282,-126.8329,23.04,93,75,9.22,CA,2021-10-18 21:26:27
188,Cervo,43.6702,-7.4101,59.97,79,77,4.27,ES,2021-10-18 21:26:28
189,Tarnova,46.3167,21.8,47.95,77,8,1.05,RO,2021-10-18 21:26:28
190,Kribi,2.95,9.9167,78.44,88,99,7.7,CM,2021-10-18 21:26:29
191,Broken Hill,-31.95,141.4333,56.91,58,0,13.8,AU,2021-10-18 21:26:29
192,Hilo,19.7297,-155.09,79.79,73,90,4.61,US,2021-10-18 21:26:29
193,Broome,42.2506,-75.833,49.01,73,90,1.99,US,2021-10-18 21:26:30
194,Baykit,61.67,96.37,33.19,95,54,2.21,RU,2021-10-18 21:26:30
195,Mahebourg,-20.4081,57.7,74.25,78,75,12.66,MU,2021-10-18 21:26:31
196,Yulara,-25.2406,130.9889,75.04,25,96,8.05,AU,2021-10-18 21:26:32
197,Novyy Urengoy,66.0833,76.6333,35.46,88,98,12.55,RU,2021-10-18 21:26:32
198,Pahrump,36.2083,-115.9839,63.25,39,94,1.01,US,2021-10-18 21:25:23
199,Eyl,7.9803,49.8164,77.99,87,75,10.04,SO,2021-10-18 21:26:33
200,Bada,51.392,109.8717,25.63,85,4,3.94,RU,2021-10-18 21:26:33
201,Viedma,-40.8135,-62.9967,78.46,12,77,15.82,AR,2021-10-18 21:26:34
202,Haines Junction,60.7522,-137.5108,28.35,69,97,0.0,CA,2021-10-18 21:26:34
203,Santa Cruz Do Rio Pardo,-22.8989,-49.6325,65.57,86,96,10.25,BR,2021-10-18 21:26:35
204,Pisco,-13.7,-76.2167,67.01,72,0,6.91,PE,2021-10-18 21:26:35
205,Yerbogachen,61.2767,108.0108,31.37,91,100,5.95,RU,2021-10-18 21:26:36
206,Dunhua,43.3725,128.2425,23.95,75,73,5.41,CN,2021-10-18 21:26:36
207,Tautira,-17.7333,-149.15,84.22,78,100,20.22,PF,2021-10-18 21:26:37
208,Abalak,58.1286,68.5944,42.51,82,99,6.55,RU,2021-10-18 21:26:37
209,Oyem,1.5995,11.5793,69.1,99,100,3.94,GA,2021-10-18 21:26:38
210,Krasnyy,54.5678,31.4333,36.75,82,13,10.65,RU,2021-10-18 21:26:39
211,Nagato,34.3833,131.2,58.91,71,65,3.78,JP,2021-10-18 21:26:40
212,Nabire,-3.3667,135.4833,74.52,93,91,3.89,ID,2021-10-18 21:26:40
213,Longyearbyen,78.2186,15.6401,17.44,73,75,9.22,SJ,2021-10-18 21:21:48
214,Chicama,-7.8447,-79.1469,59.54,66,95,9.28,PE,2021-10-18 21:26:41
215,North Bend,43.4065,-124.2243,60.24,67,1,5.75,US,2021-10-18 21:26:41
216,Bousso,10.4795,16.7117,80.82,57,95,5.95,TD,2021-10-18 21:26:42
217,Charters Towers,-20.1,146.2667,74.19,67,0,5.3,AU,2021-10-18 21:26:42
218,Isilkul,54.9109,71.2728,46.35,58,100,7.52,RU,2021-10-18 21:26:43
219,Hun,29.1268,15.9477,71.56,40,100,23.0,LY,2021-10-18 21:26:43
220,Awbari,26.5921,12.7805,76.23,28,97,10.49,LY,2021-10-18 21:26:44
221,Port Hawkesbury,45.6169,-61.3485,56.17,83,20,3.0,CA,2021-10-18 21:26:44
222,Grindavik,63.8424,-22.4338,48.15,81,0,24.16,IS,2021-10-18 21:26:45
223,Vila Franca Do Campo,37.7167,-25.4333,70.21,83,18,11.45,PT,2021-10-18 21:26:45
224,Ghanzi,-21.5667,21.7833,66.13,53,7,12.93,BW,2021-10-18 21:26:45
225,Komsomolskiy,40.4272,71.7189,51.22,57,20,4.61,UZ,2021-10-18 21:26:46
226,Kaithal,29.8,76.3833,68.4,85,0,2.75,IN,2021-10-18 21:26:46
227,Imbituba,-28.24,-48.6703,64.81,79,100,4.29,BR,2021-10-18 21:26:47
228,Nova Serrana,-19.8761,-44.9836,75.36,75,99,5.39,BR,2021-10-18 21:26:47
229,Camocim,-2.9022,-40.8411,81.75,74,12,19.93,BR,2021-10-18 21:26:48
230,Oktyabrskoye,43.0645,44.7417,51.94,100,99,2.24,RU,2021-10-18 21:26:48
231,Miri,4.4148,114.0089,77.14,94,40,0.0,MY,2021-10-18 21:26:49
232,Chokurdakh,70.6333,147.9167,-14.6,100,95,4.97,RU,2021-10-18 21:26:49
233,Lompoc,34.6391,-120.4579,73.56,50,1,19.57,US,2021-10-18 21:26:49
234,Buchanan,5.8808,-10.0467,78.76,85,36,7.61,LR,2021-10-18 21:26:50
235,Diffa,13.3154,12.6113,89.83,19,66,4.21,NE,2021-10-18 21:26:50
236,Vega De Alatorre,20.0333,-96.6333,78.26,71,100,9.35,MX,2021-10-18 21:26:51
237,Krasnovishersk,60.4078,57.082,40.15,94,100,5.95,RU,2021-10-18 21:26:51
238,Shahrud,36.4182,54.9763,56.14,70,0,6.82,IR,2021-10-18 21:26:52
239,Walvis Bay,-22.9575,14.5053,59.09,82,100,10.36,NA,2021-10-18 21:26:52
240,Moose Factory,51.2585,-80.6094,50.0,57,1,9.22,CA,2021-10-18 21:26:53
241,Okhotsk,59.3833,143.3,9.34,71,0,16.67,RU,2021-10-18 21:26:53
242,Kaitangata,-46.2817,169.8464,47.93,74,100,8.23,NZ,2021-10-18 21:26:54
243,Uniao,-4.5858,-42.8642,93.22,49,49,2.21,BR,2021-10-18 21:26:54
244,Kavieng,-2.5744,150.7967,83.16,76,17,14.34,PG,2021-10-18 21:26:55
245,Paamiut,61.994,-49.6678,35.11,48,0,8.37,GL,2021-10-18 21:26:55
246,Nantucket,41.2835,-70.0995,59.34,56,12,17.49,US,2021-10-18 21:26:56
247,Port Pirie,-33.1833,138.0167,60.89,55,0,6.55,AU,2021-10-18 21:26:56
248,Sandakan,5.8402,118.1179,78.48,94,100,3.44,MY,2021-10-18 21:26:57
249,Perevolotskiy,51.8763,54.1938,53.01,45,100,12.46,RU,2021-10-18 21:26:58
250,Codrington,-38.2667,141.9667,50.36,87,60,10.47,AU,2021-10-18 21:26:59
251,Coffs Harbour,-30.3,153.1333,60.76,93,100,4.61,AU,2021-10-18 21:24:32
252,Orange,33.7,-117.7675,70.77,67,40,1.99,US,2021-10-18 21:26:59
253,Sayyan,15.1718,44.3244,58.78,24,0,5.86,YE,2021-10-18 21:27:00
254,Coihaique,-45.5752,-72.0662,59.61,62,75,3.44,CL,2021-10-18 21:27:00
255,Kourou,5.1552,-52.6478,82.45,79,100,7.81,GF,2021-10-18 21:27:01
256,Andros Town,24.7,-77.7667,82.36,63,99,14.52,BS,2021-10-18 21:27:01
257,Lixourion,38.2019,20.4314,64.6,75,3,4.12,GR,2021-10-18 21:27:02
258,Kamenskiy,50.8855,45.488,44.01,60,97,7.45,RU,2021-10-18 21:27:03
259,Sao Joao Da Barra,-21.6403,-41.0511,71.69,89,97,10.76,BR,2021-10-18 21:27:03
260,Clyde River,70.4692,-68.5914,32.23,86,90,23.02,CA,2021-10-18 21:27:04
261,Mataruska Banja,43.6901,20.6109,40.95,100,100,0.0,RS,2021-10-18 21:27:05
262,Pandan,14.0453,124.1694,80.44,84,79,8.5,PH,2021-10-18 21:27:05
263,Hambantota,6.1241,81.1185,77.34,100,0,3.44,LK,2021-10-18 21:27:06
264,Zabol,32.25,67.25,48.13,14,0,6.6,AF,2021-10-18 21:27:06
265,Wasilla,61.5814,-149.4394,44.73,58,1,4.0,US,2021-10-18 21:27:07
266,Luanda,-8.8368,13.2343,75.2,83,20,5.75,AO,2021-10-18 21:22:36
267,Port Hedland,-20.3167,118.5667,68.05,94,4,2.3,AU,2021-10-18 21:27:07
268,Alice Springs,-23.7,133.8833,71.15,28,82,5.75,AU,2021-10-18 21:27:08
269,Ashqelon,31.6693,34.5715,70.41,63,7,6.15,IL,2021-10-18 21:27:09
270,Victoria,22.2855,114.1577,76.32,79,99,1.99,HK,2021-10-18 21:25:48
271,Kushmurun,52.4503,64.6311,48.31,49,91,8.48,KZ,2021-10-18 21:27:10
272,Shu,43.5983,73.7614,49.05,46,0,4.23,KZ,2021-10-18 21:27:10
273,Guerrero Negro,27.9769,-114.0611,70.48,57,2,17.58,MX,2021-10-18 21:27:10
274,Tromso,69.6496,18.957,28.42,93,40,2.3,NO,2021-10-18 21:22:48
275,Pierre,44.3683,-100.351,80.28,30,1,8.99,US,2021-10-18 21:25:52
276,Sarishabari,24.7333,89.8333,76.62,96,100,16.2,BD,2021-10-18 21:27:12
277,Necochea,-38.5473,-58.7368,62.04,67,2,10.25,AR,2021-10-18 21:26:15
278,Sao Filipe,14.8961,-24.4956,80.06,74,2,10.58,CV,2021-10-18 21:27:12
279,Ippy,6.2679,21.2247,70.57,95,100,1.83,CF,2021-10-18 21:27:13
280,Hofn,64.2539,-15.2082,43.65,94,100,22.44,IS,2021-10-18 21:27:13
281,Hasaki,35.7333,140.8333,54.28,72,100,13.87,JP,2021-10-18 21:27:14
282,Xining,36.6167,101.7667,37.22,79,100,3.13,CN,2021-10-18 21:27:14
283,Pacific Grove,36.6177,-121.9166,64.56,66,1,8.01,US,2021-10-18 21:27:14
284,Husavik,66.0449,-17.3389,39.11,98,100,15.79,IS,2021-10-18 21:27:15
285,Dingle,10.9995,122.6711,76.53,94,64,6.69,PH,2021-10-18 21:27:15
286,Shiraz,29.6036,52.5388,69.24,14,0,4.61,IR,2021-10-18 21:23:31
287,Santa Pola,38.1917,-0.5658,72.3,79,20,0.0,ES,2021-10-18 21:27:16
288,Pangnirtung,66.1451,-65.7125,32.0,80,75,3.44,CA,2021-10-18 21:27:17
289,Campo Verde,-20.4167,-54.0667,79.81,73,54,8.3,BR,2021-10-18 21:27:17
290,Divnomorskoye,44.5011,38.1353,53.1,76,63,7.23,RU,2021-10-18 21:27:18
291,Nouadhibou,20.931,-17.0347,75.18,60,3,8.05,MR,2021-10-18 21:27:18
292,Ambon,-3.6954,128.1814,77.14,94,20,3.44,ID,2021-10-18 21:27:19
293,Salalah,17.0151,54.0924,78.89,78,20,5.75,OM,2021-10-18 21:27:19
294,Chapais,49.7834,-74.8492,38.98,95,100,10.92,CA,2021-10-18 21:27:20
295,Capitan Bado,-23.2667,-55.5333,67.24,83,100,4.52,PY,2021-10-18 21:27:20
296,Madison,34.7334,-86.5667,73.71,44,1,1.01,US,2021-10-18 21:26:56
297,Dondo,-19.6094,34.7431,74.71,85,84,12.95,MZ,2021-10-18 21:27:21
298,Taldan,53.6667,124.8,21.36,61,93,3.29,RU,2021-10-18 21:27:21
299,Auray,47.6703,-2.9918,64.54,97,100,13.69,FR,2021-10-18 21:27:22
300,Jiuquan,39.7432,98.5174,43.47,29,100,5.21,CN,2021-10-18 21:27:22
301,Qasigiannguit,68.8193,-51.1922,28.65,61,2,10.29,GL,2021-10-18 21:27:22
302,Kutum,14.2,24.6667,78.93,18,4,7.96,SD,2021-10-18 21:25:11
303,Sao Jose Da Coroa Grande,-8.8978,-35.1478,77.86,80,99,7.16,BR,2021-10-18 21:27:23
304,Alekseyevsk,57.8406,108.3492,27.27,76,84,4.72,RU,2021-10-18 21:27:24
305,Fort Nelson,58.8053,-122.7002,33.39,64,90,4.61,CA,2021-10-18 21:27:24
306,Roma,43.2128,-75.4557,49.84,80,90,1.01,US,2021-10-18 21:27:25
307,Hamilton,39.1834,-84.5333,71.76,41,1,1.99,US,2021-10-18 21:27:25
308,Kholuy,56.575,41.8692,35.01,90,11,8.03,RU,2021-10-18 21:27:25
309,Plover,44.4564,-89.544,73.09,57,1,5.01,US,2021-10-18 21:27:26
310,Chuzhou,32.3219,118.2978,53.11,78,91,3.4,CN,2021-10-18 21:27:26
311,Pueblo,38.2545,-104.6091,80.62,18,3,1.99,US,2021-10-18 21:22:57
312,Makamba,-4.1348,29.804,65.93,86,100,2.3,BI,2021-10-18 21:27:27
313,Oksfjord,70.2396,22.3479,33.01,76,100,9.84,NO,2021-10-18 21:27:27
314,Djougou,9.7085,1.666,73.51,94,98,3.42,BJ,2021-10-18 21:27:28
315,Sao Miguel Do Araguaia,-13.275,-50.1628,77.09,79,100,4.47,BR,2021-10-18 21:27:29
316,Salumbar,24.1333,74.05,75.58,72,4,2.95,IN,2021-10-18 21:27:29
317,Beringovskiy,63.05,179.3167,33.37,91,52,9.53,RU,2021-10-18 21:27:30
318,Marawi,7.9986,124.2928,66.65,93,77,2.19,PH,2021-10-18 21:27:30
319,Mnogovershinnyy,53.9353,139.9242,12.61,86,79,7.58,RU,2021-10-18 21:27:31
320,Safaga,26.7292,33.9365,78.4,42,2,17.63,EG,2021-10-18 21:27:31
321,Turayf,31.6725,38.6637,66.45,59,0,6.91,SA,2021-10-18 21:27:32
322,Oyonnax,46.2592,5.6573,47.17,86,100,3.47,FR,2021-10-18 21:27:32
323,Kill,52.1761,-7.335,58.73,96,100,9.71,IE,2021-10-18 21:27:33
324,Doha,25.2867,51.5333,85.98,52,0,11.5,QA,2021-10-18 21:23:22
325,Benghazi,32.1167,20.0667,72.73,54,100,8.46,LY,2021-10-18 21:27:33
326,Sobolevo,54.4299,31.8996,37.04,81,13,10.65,RU,2021-10-18 21:27:34
327,Cabo San Lucas,22.8909,-109.9124,91.62,65,40,1.01,MX,2021-10-18 21:24:17
328,Kanigiri,15.4,79.5167,81.39,62,100,3.09,IN,2021-10-18 21:27:34
329,Yambio,4.5721,28.3955,67.12,98,100,3.8,SS,2021-10-18 21:27:35
330,Mudgee,-32.5943,149.5871,50.05,87,41,0.0,AU,2021-10-18 21:27:35
331,San Felipe,10.3399,-68.7425,85.8,64,78,4.52,VE,2021-10-18 21:27:36
332,Punta De Piedra,7.6176,-71.4916,86.99,66,29,1.21,VE,2021-10-18 21:27:36
333,Anamur,36.0751,32.8369,64.42,57,90,7.67,TR,2021-10-18 21:27:37
334,El Dorado,38.7666,-120.5177,52.63,88,100,1.86,US,2021-10-18 21:27:37
335,Port-Gentil,-0.7193,8.7815,78.76,83,20,11.5,GA,2021-10-18 21:27:38
336,Goba,7.0167,39.9833,47.07,70,97,6.15,ET,2021-10-18 21:27:38
337,Cascais,38.6979,-9.4215,72.75,72,89,1.99,PT,2021-10-18 21:26:28
338,Les Cayes,18.2,-73.75,83.68,73,100,3.51,HT,2021-10-18 21:27:39
339,Fort-Shevchenko,44.5086,50.263,57.97,90,16,5.86,KZ,2021-10-18 21:27:39
340,Kilemary,56.7783,46.8659,37.87,74,79,10.18,RU,2021-10-18 21:27:40
341,Caohai,26.8661,104.2841,51.84,99,100,4.68,CN,2021-10-18 21:27:41
342,Lewiston,44.1003,-70.2148,53.38,76,90,10.36,US,2021-10-18 21:27:42
343,Eureka,40.8021,-124.1637,63.19,73,64,4.0,US,2021-10-18 21:26:10
344,Manokwari,-0.8667,134.0833,77.88,77,91,3.13,ID,2021-10-18 21:27:42
345,Omboue,-1.5746,9.2618,76.95,84,100,8.48,GA,2021-10-18 21:27:43
346,Puerto Leguizamo,-0.1934,-74.7819,86.7,60,69,1.14,CO,2021-10-18 21:27:43
347,Chubbuck,42.9208,-112.4661,64.29,33,75,7.0,US,2021-10-18 21:27:44
348,Keetmanshoop,-26.5833,18.1333,61.72,8,51,12.06,NA,2021-10-18 21:27:44
349,Micheweni,-4.9667,39.8333,77.76,82,10,10.25,TZ,2021-10-18 21:27:45
350,Puerto Barrios,15.7167,-88.6,88.16,70,40,9.22,GT,2021-10-18 21:27:45
351,Flinders,-34.5833,150.8552,65.21,88,100,11.54,AU,2021-10-18 21:27:46
352,Iquique,-20.2208,-70.1431,60.84,68,59,6.13,CL,2021-10-18 21:23:58
353,Ust-Ishim,57.6935,71.1665,43.03,79,100,5.39,RU,2021-10-18 21:27:46
354,Westport,41.1415,-73.3579,57.9,70,90,1.01,US,2021-10-18 21:24:20
355,Madingou,-4.1536,13.55,77.07,78,100,4.99,CG,2021-10-18 21:27:47
356,Galesong,-5.3166,119.3661,77.02,77,93,0.67,ID,2021-10-18 21:27:48
357,Fare,-16.7,-151.0167,80.46,77,82,17.09,PF,2021-10-18 21:27:48
358,Kamaishi,39.2667,141.8833,53.06,71,100,6.96,JP,2021-10-18 21:27:49
359,Razole,16.4833,81.8333,78.15,89,100,3.24,IN,2021-10-18 21:27:49
360,Petropavlovsk-Kamchatskiy,53.0452,158.6483,36.19,48,40,13.42,RU,2021-10-18 21:27:49
361,Coueron,47.2151,-1.7217,64.22,94,90,5.75,FR,2021-10-18 21:27:50
362,Port Augusta,-32.5,137.7667,62.71,53,0,6.4,AU,2021-10-18 21:27:51
363,Kaka,37.3482,59.6143,62.62,12,4,6.89,TM,2021-10-18 21:27:51
364,Alta Floresta,-9.8756,-56.0861,72.91,95,100,4.0,BR,2021-10-18 21:27:51
365,Channel-Port Aux Basques,47.5702,-59.1367,54.7,98,100,8.68,CA,2021-10-18 21:27:52
366,Xingyi,24.1877,102.817,53.33,99,44,3.02,CN,2021-10-18 21:27:52
367,Deputatskiy,69.3,139.9,-16.51,99,38,4.47,RU,2021-10-18 21:27:53
368,Jalu,29.0331,21.5482,71.64,36,9,11.14,LY,2021-10-18 21:27:53
369,Vostok,46.4856,135.8833,17.28,99,98,1.23,RU,2021-10-18 21:27:54
370,Tawala,9.5542,123.7696,82.29,79,65,8.25,PH,2021-10-18 21:27:54
371,Marsabit,2.3284,37.9899,73.17,49,40,12.48,KE,2021-10-18 21:27:55
372,Severo-Kurilsk,50.6789,156.125,37.58,78,91,16.28,RU,2021-10-18 21:27:55
373,Meulaboh,4.1363,96.1285,77.86,84,100,2.82,ID,2021-10-18 21:27:56
374,Hualmay,-11.0964,-77.6139,66.45,77,45,10.54,PE,2021-10-18 21:27:56
375,General Roca,-39.0333,-67.5833,79.2,9,0,5.64,AR,2021-10-18 21:27:56
376,Matamoros,25.5333,-103.25,87.91,27,40,2.3,MX,2021-10-18 21:25:35
377,Mariental,-24.6333,17.9667,65.61,8,92,17.09,NA,2021-10-18 21:27:57
378,Xuddur,4.1213,43.8894,73.85,78,94,14.18,SO,2021-10-18 21:27:58
379,Genhe,50.7833,121.5167,14.2,99,84,2.95,CN,2021-10-18 21:27:58
380,Atar,20.5169,-13.0499,92.3,10,100,6.38,MR,2021-10-18 21:27:59
381,Okakarara,-20.5833,17.4333,68.72,15,93,4.63,NA,2021-10-18 21:27:59
382,Yako,12.9667,-2.2667,84.96,45,100,6.69,BF,2021-10-18 21:28:00
383,Balatan,13.3211,123.2333,77.16,91,99,4.83,PH,2021-10-18 21:28:00
384,Roebourne,-20.7833,117.1333,72.82,78,36,6.38,AU,2021-10-18 21:28:00
385,Tumen,42.9661,129.8425,29.64,85,36,5.01,CN,2021-10-18 21:28:01
386,Ajuchitlan,20.7167,-100.0167,74.59,40,39,8.55,MX,2021-10-18 21:28:01
387,Zaranj,30.9667,61.8833,55.36,8,0,3.76,AF,2021-10-18 21:28:02
388,Hibbing,47.4272,-92.9377,72.9,32,1,9.22,US,2021-10-18 21:28:03
389,Kashan,33.9831,51.4364,68.95,13,0,2.33,IR,2021-10-18 21:28:04
390,Isabela,6.7085,121.9711,78.85,85,70,2.19,PH,2021-10-18 21:28:04
391,Poum,-20.2333,164.0167,75.81,83,98,15.23,NC,2021-10-18 21:28:05
392,Gizo,-8.103,156.8419,82.26,74,74,4.79,SB,2021-10-18 21:28:05
393,Talnakh,69.4865,88.3972,33.26,98,100,15.77,RU,2021-10-18 21:28:06
394,Aitape,-3.1374,142.3475,78.94,88,56,5.75,PG,2021-10-18 21:28:06
395,Uvat,59.1433,68.8953,45.21,81,100,7.23,RU,2021-10-18 21:28:07
396,Kargopol,61.5071,38.9456,34.43,97,100,5.99,RU,2021-10-18 21:28:07
397,Calafell,41.2,1.5683,68.85,93,99,1.99,ES,2021-10-18 21:28:08
398,Fortuna,40.5982,-124.1573,62.92,67,1,1.99,US,2021-10-18 21:28:08
399,Mandalgovi,45.7625,106.2708,28.09,50,0,7.07,MN,2021-10-18 21:28:09
400,Mackay,-21.15,149.2,75.04,94,2,4.61,AU,2021-10-18 21:28:09
401,Redding,40.5865,-122.3917,61.59,63,90,1.99,US,2021-10-18 21:28:10
402,Naruto,34.1833,134.6167,62.62,76,75,9.22,JP,2021-10-18 21:28:10
403,Coari,-4.085,-63.1414,82.94,69,100,0.07,BR,2021-10-18 21:28:10
404,Llallagua,-18.4167,-66.6333,60.3,11,21,9.42,BO,2021-10-18 21:28:11
405,Anchorage,61.2181,-149.9003,45.63,74,40,0.0,US,2021-10-18 21:26:12
406,Namibe,-15.1961,12.1522,63.37,85,45,5.95,AO,2021-10-18 21:28:11
407,Avanigadda,16.0215,80.9181,77.68,88,100,2.21,IN,2021-10-18 21:28:12
408,Central Point,42.376,-122.9164,58.24,61,1,1.99,US,2021-10-18 21:28:12
409,Morehead,37.2711,-87.1764,74.3,35,1,0.0,US,2021-10-18 21:28:13
410,Jieshi,22.8134,115.8257,70.95,81,84,7.99,CN,2021-10-18 21:28:13
411,Morwell,-38.2333,146.4,50.68,94,100,2.39,AU,2021-10-18 21:28:14
412,Nefteyugansk,61.0998,72.6035,41.25,91,100,11.86,RU,2021-10-18 21:28:14
413,Hare Bay,48.8499,-54.0148,45.75,83,100,12.62,CA,2021-10-18 21:28:15
414,Inhambane,-23.865,35.3833,68.92,74,100,17.45,MZ,2021-10-18 21:28:15
415,Shirgaon,19.7,72.7,79.61,71,3,4.16,IN,2021-10-18 21:28:15
416,Gorom-Gorom,14.4439,-0.2361,90.61,34,72,9.73,BF,2021-10-18 21:28:16
417,Mount Gambier,-37.8333,140.7667,46.31,100,40,0.0,AU,2021-10-18 21:28:17
418,Tecoanapa,16.5167,-98.75,84.87,70,96,6.96,MX,2021-10-18 21:28:17
419,Ordzhonikidze,52.4411,61.7408,49.86,41,100,11.7,KZ,2021-10-18 21:28:17
420,Englehart,47.8169,-79.8664,48.22,61,1,9.22,CA,2021-10-18 21:28:18
421,Great Yarmouth,52.6083,1.7305,60.94,94,100,16.87,GB,2021-10-18 21:28:19
422,Torbay,47.6666,-52.7314,44.58,93,90,19.57,CA,2021-10-18 21:28:21
423,Iracoubo,5.4802,-53.2011,81.48,77,100,9.26,GF,2021-10-18 21:28:22
424,Srednekolymsk,67.45,153.6833,-2.6,100,92,4.07,RU,2021-10-18 21:28:23
425,Alta Gracia,-31.6529,-64.4283,74.17,26,53,7.54,AR,2021-10-18 21:28:24
426,Zhicheng,30.2956,111.5047,54.7,71,100,2.93,CN,2021-10-18 21:28:24
427,Kollam,8.8833,76.6,78.67,86,92,8.28,IN,2021-10-18 21:28:25
428,Miquelon,47.0975,-56.3814,51.89,93,100,37.02,PM,2021-10-18 21:28:25
429,Sur,22.5667,59.5289,81.59,44,3,9.04,OM,2021-10-18 21:28:26
430,Rolla,37.9514,-91.7713,73.85,35,1,1.99,US,2021-10-18 21:28:26
431,Corinto,37.9407,22.9573,64.76,81,15,3.36,GR,2021-10-18 21:28:27
432,Mahibadhoo,3.7833,72.9667,81.77,74,93,14.61,MV,2021-10-18 21:28:27
433,Barcelos,41.5388,-8.6151,67.91,88,57,3.06,PT,2021-10-18 21:28:28
434,Plettenberg Bay,-34.0527,23.3716,52.43,71,0,3.83,ZA,2021-10-18 21:28:28
435,Aberystwyth,52.4155,-4.0829,62.29,88,100,9.93,GB,2021-10-18 21:28:28
436,Isangel,-19.55,169.2667,78.91,69,90,0.0,VU,2021-10-18 21:28:29
437,Kabarnet,0.4919,35.743,64.15,61,100,1.74,KE,2021-10-18 21:28:30
438,Mopti,14.6667,-4.0,87.84,66,20,4.61,ML,2021-10-18 21:28:30
439,Auki,-8.7676,160.7034,80.85,76,3,2.06,SB,2021-10-18 21:28:31
440,Kinsale,51.7075,-8.5306,59.23,100,90,10.36,IE,2021-10-18 21:28:31
441,Bilma,18.6853,12.9164,87.89,14,99,7.49,NE,2021-10-18 21:28:31
442,Emba,48.8264,58.1442,49.95,28,100,8.48,KZ,2021-10-18 21:28:32
443,Portland,45.5234,-122.6762,60.42,64,75,3.0,US,2021-10-18 21:27:32
444,Graham,47.0529,-122.2943,55.58,81,90,0.0,US,2021-10-18 21:28:32
445,Ortigueira,-24.2083,-50.9494,60.6,93,100,4.03,BR,2021-10-18 21:28:33
446,Shellbrook,53.2168,-106.4011,47.43,60,47,17.96,CA,2021-10-18 21:28:33
447,Pimenta Bueno,-11.6725,-61.1936,73.89,97,100,2.3,BR,2021-10-18 21:27:56
448,Yantal,56.8471,105.2542,29.98,72,100,4.38,RU,2021-10-18 21:28:34
449,Gazanjyk,39.2446,55.5154,63.16,47,1,7.34,TM,2021-10-18 21:28:34
450,Coquimbo,-29.9533,-71.3436,56.93,82,75,8.05,CL,2021-10-18 21:28:35
451,Akdagmadeni,39.6603,35.8836,45.23,88,72,4.16,TR,2021-10-18 21:28:35
452,Rawson,-43.3002,-65.1023,73.9,30,10,16.49,AR,2021-10-18 21:24:53
453,Aksarayskiy,46.7924,48.0119,55.35,78,65,9.01,RU,2021-10-18 21:28:36
454,Damghan,36.1683,54.348,59.72,52,0,6.49,IR,2021-10-18 21:28:36
455,Barstow,34.8986,-117.0228,63.59,39,58,29.33,US,2021-10-18 21:28:37
456,Badarpur,24.9,92.6,74.55,98,100,2.71,IN,2021-10-18 21:28:37
457,Dolores,-36.3132,-57.6792,59.99,65,5,9.46,AR,2021-10-18 21:28:38
458,Miles City,46.4083,-105.8406,73.51,26,1,6.91,US,2021-10-18 21:28:38
459,Missoula,47.0166,-113.8009,63.54,31,60,2.86,US,2021-10-18 21:28:39
460,Port Hardy,50.6996,-127.4199,50.18,66,75,11.5,CA,2021-10-18 21:28:40
461,Namasuba,0.6894,32.4214,63.03,98,82,2.26,UG,2021-10-18 21:28:40
462,Kamennogorsk,60.9545,29.1339,38.21,80,100,8.16,RU,2021-10-18 21:28:41
463,Egvekinot,66.3167,-179.1667,16.5,93,100,15.05,RU,2021-10-18 21:28:41
464,Verkhoyansk,67.5447,133.385,0.93,96,100,2.17,RU,2021-10-18 21:28:42
465,Boa Vista,2.8197,-60.6733,93.18,43,20,3.44,BR,2021-10-18 21:25:07
466,Somerset East,-32.7217,25.588,46.2,79,0,6.89,ZA,2021-10-18 21:28:43
467,Mayumba,-3.432,10.6554,75.78,86,100,8.68,GA,2021-10-18 21:28:43
468,Swan Hill,-35.3378,143.5544,47.64,79,0,10.4,AU,2021-10-18 21:25:09
469,Shaoyang,27.2315,111.4525,58.39,92,100,4.61,CN,2021-10-18 21:28:44
470,Itarema,-2.9248,-39.9167,80.06,81,13,16.02,BR,2021-10-18 21:28:44
471,Amarante Do Maranhao,-5.5667,-46.7422,76.62,83,97,3.18,BR,2021-10-18 21:28:45
472,George,-33.963,22.4617,47.75,87,0,5.75,ZA,2021-10-18 21:28:45
473,Olavarria,-36.8927,-60.3225,69.03,31,5,5.12,AR,2021-10-18 21:28:46
474,Kedougou,12.5579,-12.1743,84.78,74,0,4.61,SN,2021-10-18 21:28:46
475,Chimbote,-9.0853,-78.5783,66.65,78,76,10.09,PE,2021-10-18 21:28:47
476,Hovd,48.0056,91.6419,32.59,59,3,0.76,MN,2021-10-18 21:28:47
477,Janesville,42.6828,-89.0187,74.88,32,1,1.99,US,2021-10-18 21:28:13
478,Anda,46.4,125.3167,27.7,54,6,5.1,CN,2021-10-18 21:28:48
479,Teeli,51.0333,90.2333,30.7,61,85,1.66,RU,2021-10-18 21:28:49
480,Kupang,-10.1667,123.5833,77.58,94,20,2.3,ID,2021-10-18 21:28:49
481,Roald,62.5833,6.1333,46.17,53,0,11.5,NO,2021-10-18 21:28:50
482,Pokhara,28.2333,83.9833,68.45,91,100,4.56,NP,2021-10-18 21:28:50
483,Cootamundra,-34.65,148.0333,52.95,85,77,4.32,AU,2021-10-18 21:28:50
484,Cloquet,46.7216,-92.4594,72.79,44,1,5.75,US,2021-10-18 21:28:51
485,Steinbach,50.1667,8.5667,49.64,90,0,1.14,DE,2021-10-18 21:28:51
486,Menongue,-14.6585,17.691,68.45,59,71,3.15,AO,2021-10-18 21:28:52
487,Batagay,67.6333,134.6333,-1.46,93,100,3.69,RU,2021-10-18 21:28:52
488,Aklavik,68.2191,-135.0107,22.03,76,100,3.38,CA,2021-10-18 21:28:53
489,Acapulco,16.8634,-99.8901,85.82,70,90,5.75,MX,2021-10-18 21:28:53
490,Mazatlan,23.2167,-106.4167,87.91,72,20,5.01,MX,2021-10-18 21:27:35
491,Palmas,-10.2128,-48.3603,78.67,83,75,5.75,BR,2021-10-18 21:24:07
492,Taltal,-25.4,-70.4833,63.18,63,23,5.39,CL,2021-10-18 21:28:54
493,Rettikhovka,44.1683,132.7669,28.33,86,84,5.23,RU,2021-10-18 21:28:55
494,Kyshtovka,56.555,76.6271,40.77,81,100,6.78,RU,2021-10-18 21:28:55
495,Kahului,20.8947,-156.47,84.22,68,20,18.41,US,2021-10-18 21:28:56
496,Puerto Narino,-3.7703,-70.3831,85.95,92,100,2.53,CO,2021-10-18 21:28:56
497,Bonavista,48.6499,-53.1147,46.11,86,100,17.52,CA,2021-10-18 21:28:56
498,Cooma,-36.2333,149.1333,42.57,100,90,14.97,AU,2021-10-18 21:28:57
499,Powell,40.1578,-83.0752,70.36,38,1,3.0,US,2021-10-18 21:28:57
500,Moron,-34.6534,-58.6198,71.8,67,3,4.0,AR,2021-10-18 21:28:58
501,Cap Malheureux,-19.9842,57.6142,74.46,77,46,5.99,MU,2021-10-18 21:28:58
502,Malpe,13.35,74.7167,78.1,87,81,3.06,IN,2021-10-18 21:28:58
503,Arrecife,28.963,-13.5477,71.67,78,0,0.0,ES,2021-10-18 21:28:59
504,Marsh Harbour,26.5412,-77.0636,77.77,59,70,15.32,BS,2021-10-18 21:28:59
505,Saint Austell,50.3383,-4.7658,61.45,94,90,8.05,GB,2021-10-18 21:29:00
506,Northam,51.0333,-4.2167,61.43,96,100,9.78,GB,2021-10-18 21:29:01
507,Novyy Urgal,51.0736,132.5642,18.73,59,1,1.74,RU,2021-10-18 21:29:01
508,Balkanabat,39.5108,54.3671,63.25,57,18,5.68,TM,2021-10-18 21:29:02
509,Alice,27.7523,-98.0697,82.29,40,1,8.05,US,2021-10-18 21:29:03
510,Esperance,-33.8667,121.9,60.64,67,100,7.18,AU,2021-10-18 21:29:03
511,Morro Bay,35.3658,-120.8499,69.21,55,4,11.01,US,2021-10-18 21:29:04
512,Enshi,30.3,109.4833,56.89,88,100,1.21,CN,2021-10-18 21:29:04
513,Sztum,53.9208,19.0307,51.51,63,100,2.39,PL,2021-10-18 21:29:05
514,Nelson Bay,-32.7167,152.15,65.95,74,23,6.51,AU,2021-10-18 21:29:05
515,Banjar,-8.19,114.9675,78.66,85,98,3.96,ID,2021-10-18 21:29:05
516,Ust-Nera,64.5667,143.2,-6.74,98,61,2.13,RU,2021-10-18 21:29:06
517,Pemba,-12.974,40.5178,77.7,78,75,5.75,MZ,2021-10-18 21:29:06
518,Slave Lake,55.2834,-114.769,35.58,75,90,9.22,CA,2021-10-18 21:29:07
519,Porto Torres,40.835,8.3972,51.98,70,0,5.64,IT,2021-10-18 21:29:07
520,Japura,-0.3167,102.35,74.08,98,100,2.17,ID,2021-10-18 21:29:08
521,San Policarpo,12.1791,125.5072,81.46,82,75,4.81,PH,2021-10-18 21:29:09
522,Constitucion,-35.3333,-72.4167,64.56,58,7,14.85,CL,2021-10-18 21:29:09
523,Tekeli,44.83,78.8239,38.52,48,2,10.25,KZ,2021-10-18 21:29:09
524,Najran,17.4924,44.1277,74.05,22,2,0.83,SA,2021-10-18 21:29:10
525,Biskamzha,53.4497,89.5272,30.16,93,10,0.81,RU,2021-10-18 21:29:10
526,Korhogo,9.45,-5.6333,77.65,69,100,3.62,CI,2021-10-18 21:29:11
527,Chara,56.9064,118.2631,22.55,65,88,5.14,RU,2021-10-18 21:29:12
528,Graaff-Reinet,-32.2522,24.5308,50.92,64,0,4.47,ZA,2021-10-18 21:29:12
529,Airai,-8.9266,125.4092,62.08,87,83,1.68,TL,2021-10-18 21:29:13
530,Hervey Bay,-25.2986,152.8535,66.31,87,49,5.59,AU,2021-10-18 21:29:13
531,Pakokku,21.3333,95.1,76.6,88,100,3.62,MM,2021-10-18 21:29:14
532,Binghamton,42.0987,-75.918,49.95,75,90,1.01,US,2021-10-18 21:26:55
533,Arvika,59.6553,12.5852,30.9,63,100,2.28,SE,2021-10-18 21:29:14
534,Lovozero,68.005,35.0117,30.76,89,100,20.2,RU,2021-10-18 21:29:15
535,San Rafael,-34.6177,-68.3301,76.75,14,0,14.05,AR,2021-10-18 21:28:52
536,Stornoway,58.2093,-6.3865,55.92,100,90,18.41,GB,2021-10-18 21:29:15
537,Maceio,-9.6658,-35.7353,80.04,83,0,8.05,BR,2021-10-18 21:29:16
538,Champerico,14.3,-91.9167,90.14,73,76,5.66,GT,2021-10-18 21:29:17
539,Itamaraju,-17.0392,-39.5311,75.27,80,71,8.16,BR,2021-10-18 21:29:17
540,Kodinsk,58.6881,99.1844,32.29,94,100,3.49,RU,2021-10-18 21:29:18
541,General Luna,13.6881,122.1708,76.98,90,38,5.79,PH,2021-10-18 21:29:18
542,Hobyo,5.3505,48.5268,78.69,83,27,18.48,SO,2021-10-18 21:29:19
543,Ambulu,-8.345,113.6058,76.01,87,92,2.75,ID,2021-10-18 21:29:19
544,Kasongo-Lunda,-6.4667,16.8167,71.22,97,100,1.95,CD,2021-10-18 21:29:20
545,Port Macquarie,-31.4333,152.9167,64.89,79,100,3.29,AU,2021-10-18 21:29:20
546,Buala,-8.145,159.5921,82.29,75,4,3.44,SB,2021-10-18 21:29:20
547,Aykhal,66.0,111.5,31.32,91,95,17.56,RU,2021-10-18 21:29:21
548,Laguna,38.421,-121.4238,66.4,49,75,1.01,US,2021-10-18 21:29:21
549,Luoyang,34.6836,112.4536,56.61,74,100,9.01,CN,2021-10-18 21:29:22
550,Semporna,4.4818,118.6112,77.2,87,97,4.25,MY,2021-10-18 21:29:22
551,Port Blair,11.6667,92.75,80.49,84,99,7.38,IN,2021-10-18 21:29:23
552,Banda Aceh,5.5577,95.3222,80.51,78,100,3.4,ID,2021-10-18 21:29:23
553,Qingdao,36.0986,120.3719,47.8,87,0,8.95,CN,2021-10-18 21:29:24
554,Prainha,-1.8,-53.48,90.05,47,64,5.23,BR,2021-10-18 21:29:24
555,Sisimiut,66.9395,-53.6735,26.87,45,2,15.03,GL,2021-10-18 21:29:25
556,Vanavara,60.34,102.2797,30.13,95,100,5.12,RU,2021-10-18 21:29:25
557,Quatre Cocos,-20.2078,57.7625,74.08,73,46,13.47,MU,2021-10-18 21:29:26
558,Nizwa,22.9333,57.5333,82.13,21,5,3.09,OM,2021-10-18 21:29:26
559,Evensk,61.95,159.2333,13.05,67,100,11.18,RU,2021-10-18 21:29:26
560,Albanel,48.8832,-72.4487,48.34,71,100,11.5,CA,2021-10-18 21:29:27
561,Oranjemund,-28.55,16.4333,58.95,74,0,19.77,NA,2021-10-18 21:29:27
562,Warman,52.3168,-106.5679,53.51,50,20,24.16,CA,2021-10-18 21:29:28
563,Kismayo,-0.3582,42.5454,78.46,86,86,13.33,SO,2021-10-18 21:29:28
564,Bakhtiyarpur,25.4667,85.5167,73.42,96,100,17.45,IN,2021-10-18 21:29:29
565,Augustow,53.8432,22.9798,37.54,83,25,5.57,PL,2021-10-18 21:29:29
566,Pafos,34.7667,32.4167,71.51,64,40,8.05,CY,2021-10-18 21:29:30
567,Tuatapere,-46.1333,167.6833,44.56,83,100,12.37,NZ,2021-10-18 21:29:30
568,Tshikapa,-6.4167,20.8,73.56,85,100,3.58,CD,2021-10-18 21:29:31
569,Okha,53.5739,142.9478,27.1,75,54,19.62,RU,2021-10-18 21:29:31
570,Nishihara,26.1842,127.7558,74.48,83,20,9.22,JP,2021-10-18 21:29:31
571,Savannakhet,16.566,104.751,69.26,94,100,4.43,LA,2021-10-18 21:29:32
572,Vao,-22.6667,167.4833,71.83,92,100,24.56,NC,2021-10-18 21:29:32
573,Omaruru,-21.4333,15.9333,67.78,23,79,3.65,NA,2021-10-18 21:29:33
574,Khuzhir,53.1939,107.3397,35.64,66,3,0.56,RU,2021-10-18 21:29:33
575,Adrar,20.5022,-10.0711,85.32,12,99,9.98,MR,2021-10-18 21:29:34
576,Gat,31.61,34.7642,69.4,68,1,3.67,IL,2021-10-18 21:25:02
577,Galveston,29.3669,-94.9669,80.19,59,1,11.5,US,2021-10-18 21:28:56
578,Faya,18.3851,42.4509,61.32,25,5,7.0,SA,2021-10-18 21:29:35
579,Port Keats,-14.25,129.55,81.21,75,13,3.47,AU,2021-10-18 21:29:35
580,Yar-Sale,66.8333,70.8333,33.12,91,77,10.92,RU,2021-10-18 21:29:36
581,Aba,5.1066,7.3667,74.53,94,100,5.55,NG,2021-10-18 21:29:36
582,Santa Cruz De La Palma,28.6835,-17.7642,78.94,27,0,6.91,ES,2021-10-18 21:29:33
583,Fukue,32.6881,128.8419,65.93,64,87,14.81,JP,2021-10-18 21:29:37
584,Beloha,-25.1667,45.05,69.8,88,25,4.41,MG,2021-10-18 21:29:37
585,Caxito,-8.5785,13.6643,75.85,83,40,4.38,AO,2021-10-18 21:29:38
586,Iqaluit,63.7506,-68.5145,35.33,87,90,18.99,CA,2021-10-18 21:29:38
587,Anloga,5.7947,0.8973,77.22,78,100,5.59,GH,2021-10-18 21:29:39
588,Poronaysk,49.2167,143.1167,27.79,67,77,6.38,RU,2021-10-18 21:29:39
